,Artist,Track,0,1,2,3,4,5,6,7,8,9,10,11
0,Eminem,Infinite,,,,,,,,,,,,
1,Eminem,Just Don't Give A Fuck,,,,,,,,,,,,
2,Eminem,Just Don't Give A Fuck,,,,,,,,,,,,
3,Eminem,Just Don't Give A Fuck,,,,,,,,,,,,
4,Eminem,Brain Damage,,,,,,,,,,,,
5,Bizarre (Of D12),Trife Thieves W/Fuzz,,,,,,,,,,,,
6,Shabaam Sahdeeq,5 Star Generals,Eminem,Skam2,A.L. Skills,Kwest The Madd Ladd,,,,,,,,
7,Missy Elliott,Busa Rhyme ,Eminem,,,,,,,,,,,
8,Kid Rock,Fuck Off,,,,,,,,,,,,
9,OldWorlDisorder,3hree6ix5ive ,Eminem,Skam2?,,,,,,,,,,
10,The Anonymous,Green and Gold,Eminem,Vesuveo,Able.,,,,,,,,,
11,Xzibit,The Anthem,Jazzypha,"Robert F. ""Prince Rakeem"" Diggs",Tech 9,Eminem,Kool G Rap,Jayo Felony,Chino XL,KRS-One,Sway & King Tech,RZA,Tech N9ne,Pharoahe Monch
12,Eminem,Bad Influence,,,,,,,,,,,,
13,Eminem,My Fault,Various Artists,,,,,,,,,,,
14,Funkmaster Flex,If I Get Locked Up (Funkmaster Flex & Big Kap,Big Kap,Eminem,Dr. Dre,,,,,,,,,
15,Eminem,Public Service Announcement,,,,,,,,,,,,
16,Eminem,My Name Is,,,,,,,,,,,,
17,Eminem,Guilty Conscience,Dr. Dre,,,,,,,,,,,
18,Eminem,Brain Damage,,,,,,,,,,,,
19,Eminem,Paul,"Paul ""Bunyan"" Rosenberg",,,,,,,,,,,
20,Eminem,If I Had,,,,,,,,,,,,
21,Eminem,'97 Bonnie,,,,,,,,,,,,
22,Eminem,Bitch,Zoe Winkler,,,,,,,,,,,
23,Eminem,Role Model,,,,,,,,,,,,
24,Eminem,Lounge,Jeff Bass,Mark Bass,,,,,,,,,,
25,Eminem,My Fault,,,,,,,,,,,,
26,Eminem,Cum On Everybody,,,,,,,,,,,,
27,Eminem,Rock Bottom,,,,,,,,,,,,
28,Eminem,Just Don't Give A Fuck,,,,,,,,,,,,
29,Eminem,Soap,Jeff Bass,"Royce Da 5'9""",,,,,,,,,,
30,Eminem,As The World Turns,,,,,,,,,,,,
31,Eminem,I'm Shady,,,,,,,,,,,,
32,Eminem,Bad Meets Evil,"Royce Da 5'9""",,,,,,,,,,,
33,Eminem,Still Don't Give A Fuck,,,,,,,,,,,,
34,Eminem,Hazardous Youth,,,,,,,,,,,,
35,Eminem,Get You Mad,Sway & King Tech,,,,,,,,,,,
36,Eminem,Greg,,,,,,,,,,,,
37,Eminem,Bad Guys Always Die,Dr. Dre,,,,,,,,,,,
38,Eminem,Guilty Conscience,Dr. Dre,,,,,,,,,,,
39,Eminem,Guilty Conscience,Dr. Dre,,,,,,,,,,,
40,Eminem,Guilty Conscience,Dr. Dre,,,,,,,,,,,
41,Eminem,My Name Is,,,,,,,,,,,,
42,Eminem,Just Don't Give A Fuck,,,,,,,,,,,,
43,Eminem,Just Don't Give A Fuck,,,,,,,,,,,,
44,Domingo,Hustlers,Eminem,,,,,,,,,,,
45,The Notorious B.I.G.,Dead Wrong ,Eminem,,,,,,,,,,,
46,The High & Mighty,The Last Hit,Eminem,,,,,,,,,,,
47,Dr. Dre,The Watcher,Eminem,Knoc-Turn'al,,,,,,,,,,
48,Dr. Dre,What's The Difference,Eminem,Xzibit,,,,,,,,,,
49,Dr. Dre,Forgot About Dre,Eminem,,,,,,,,,,,
50,Eminem,Murder Murder,,,,,,,,,,,,
51,Sticky Fingaz,What If I Was White,Eminem,,,,,,,,,,,
52,Eminem,Off The Wall,Redman,,,,,,,,,,,
53,D12,Shit On You,,,,,,,,,,,,
54,D12,Shit On You,,,,,,,,,,,,
55,D12,Shit On You,,,,,,,,,,,,
56,The Madd Rapper,Stir Crazy ,Eminem,,,,,,,,,,,
57,Outsidaz,Rush Ya Clique,Eminem,,,,,,,,,,,
58,Xzibit,Don't Aproach Me ,Eminem,,,,,,,,,,,
59,Tony Touch,Get Back,D12,Eminem,,,,,,,,,,
60,Eminem,Public Service Announcement 2000,,,,,,,,,,,,
61,Eminem,Kill You,,,,,,,,,,,,
62,Eminem,Stan,Dido,,,,,,,,,,,
63,"Paul ""Bunyan"" Rosenberg",Paul,,,,,,,,,,,,
64,Eminem,Who Knew,,,,,,,,,,,,
65,Eminem,Steve Berman,Steve Berman,,,,,,,,,,,
66,Eminem,The Way I Am,,,,,,,,,,,,
67,Eminem,The Real Slim Shady,,,,,,,,,,,,
68,Eminem,Remember Me?,RBX,Sticky Fingaz,,,,,,,,,,
69,Eminem,I'm Back,,,,,,,,,,,,
70,Eminem,Marshall Mathers,,,,,,,,,,,,
71,Eminem,Drug Ballad,,,,,,,,,,,,
72,Eminem,Amityville,Bizarre,,,,,,,,,,,
73,Eminem,Bitch Please II,Dr. Dre,Snoop Dogg,Xzibit,Nate Dogg,,,,,,,,
74,Eminem,Kim,,,,,,,,,,,,
75,Eminem,Under The Influence,D12,,,,,,,,,,,
76,Eminem,Criminal,,,,,,,,,,,,
77,Eminem,The Kids,,,,,,,,,,,,
78,Bad Meets Evil,Scary Movie (Sonorous Star Remix) ,,,,,,,,,,,,
79,DJ Clue,What The Beat ,"Royce Da 5'9""",Method Man,Eminem,,,,,,,,,
80,D12,Purple Pills,,,,,,,,,,,,
81,D12,Another Public Service Announcement,,,,,,,,,,,,
82,D12,Shit Can Happen,,,,,,,,,,,,
83,D12,Pistol Pistol,,,,,,,,,,,,
84,D12,Bizzare,,,,,,,,,,,,
85,D12,Nasty Mind,Truth Hurts,,,,,,,,,,,
86,D12,It Ain't Nothin' But Music,,,,,,,,,,,,
87,D12,American Psycho,,,,,,,,,,,,
88,D12,That's How,,,,,,,,,,,,
89,D12,That's How People,,,,,,,,,,,,
90,D12,Purple Pills,,,,,,,,,,,,
91,D12,Fight Music,,,,,,,,,,,,
92,D12,Instigator,,,,,,,,,,,,
93,D12,Pimp Like Me,,,,,,,,,,,,
94,D12,Blow My Buzz,,,,,,,,,,,,
95,D12,Obie Trice,,,,,,,,,,,,
96,D12,Devils Night,,,,,,,,,,,,
97,D12,Revelation,,,,,,,,,,,,
98,D12,Girls,,,,,,,,,,,,
99,JAY-Z,Renegade,Eminem,,,,,,,,,,,
100,Bad Meets Evil,Scary Moves,,,,,,,,,,,,
101,Eminem,The Real Slim Shady,,,,,,,,,,,,
102,D12,Shit On You,Eminem,,,,,,,,,,,
103,Eminem,Curtains Up,,,,,,,,,,,,
104,Eminem,White America,,,,,,,,,,,,
105,Eminem,Business,,,,,,,,,,,,
106,Eminem,Cleanin' Out My Closet,,,,,,,,,,,,
107,Eminem,Square Dance,,,,,,,,,,,,
108,Eminem,The Kiss,,,,,,,,,,,,
109,Eminem,Soldier,,,,,,,,,,,,
110,Eminem,Say Goodbye Hollywood,,,,,,,,,,,,
111,Eminem,Drips,Obie Trice,,,,,,,,,,,
112,Eminem,Without M,,,,,,,,,,,,
113,Eminem,Paul Rosenberg,,,,,,,,,,,,
114,Eminem,Sing For The Moment,,,,,,,,,,,,
115,Eminem,Superman,Dina Rae,,,,,,,,,,,
116,Eminem,Hailie's Song,,,,,,,,,,,,
117,Eminem,Steve Berman,,,,,,,,,,,,
118,Eminem,When The Music Stops,D12,,,,,,,,,,,
119,Eminem,Say What You Say,Dr. Dre,,,,,,,,,,,
120,Eminem,'Till I Collapse,Nate Dogg,,,,,,,,,,,
121,Eminem,My Dad's Gone Crazy,Hailie Jade,,,,,,,,,,,
122,Eminem,Curtains Close,,,,,,,,,,,,
123,Xzibit,My Name ,Eminem,Nate Dogg,,,,,,,,,,
124,Eminem,Lose Yourself,,,,,,,,,,,,
125,The High & Mighty,Last Hit ( Original),Eminem,,,,,,,,,,,
126,Eminem,Lose Yourself,,,,,,,,,,,,
127,Obie Trice,Love Me,50 Cent,Eminem,,,,,,,,,,
128,Eminem,8 Mile,,,,,,,,,,,,
129,D12,Rap Game,,,,,,,,,,,,
130,Eminem,Rabbit Run,,,,,,,,,,,,
131,"Royce Da 5'9""",Rock City,,,,,,,,,,,,
132,Lloyd Banks,Bump Heads,,,,,,,,,,,,
133,Eminem,Go To Sleep,DMX,Obie Trice,,,,,,,,,,
134,Obie Trice,Lady,Eminem,,,,,,,,,,,
135,Obie Trice,We All Die One Day,50 Cent,Lloyd Banks,Eminem,,,,,,,,,
136,Obie Trice,Hands On You,Eminem,,,,,,,,,,,
137,Obie Trice,Outro (Obie Trice/ Cheers,D12,Eminem,,,,,,,,,,
138,50 Cent,Patiently Waiting,Eminem,,,,,,,,,,,
139,50 Cent,Don't Push Me,Lloyd Banks,Eminem,,,,,,,,,,
140,DJ Kay Slay,Freestyle ,Eminem,,,,,,,,,,,
141,"Royce Da 5'9""",Nuttin' to Do,Eminem,,,,,,,,,,,
142,Lloyd Banks,Warrior Part 2,,,,,,,,,,,,
143,Lloyd Banks,On Fire,Eminem,,,,,,,,,,,
144,2Pac,One Day At A Time,Eminem,Outlawz,,,,,,,,,,
145,2Pac,Soldier Like Me,Eminem,,,,,,,,,,,
146,2Pac,Black Cotton,Eminem,Kastrom,El Noble,,,,,,,,,
147,Jadakiss,Welcome To D-Block,Sheek,Styles P,Eminem,,,,,,,,,
148,D12,My Band,,,,,,,,,,,,
149,D12,Git Up,,,,,,,,,,,,
150,D12,Loyalty,Obie Trice,,,,,,,,,,,
151,D12,Just Like U,,,,,,,,,,,,
152,D12,I'll Be Damned,,,,,,,,,,,,
153,D12,Dude,,,,,,,,,,,,
154,D12,My Band,,,,,,,,,,,,
155,D12,U R The One,,,,,,,,,,,,
156,D12,6 In The Morning,,,,,,,,,,,,
157,D12,How Come,,,,,,,,,,,,
158,D12,Leave Dat Boy Alone,,,,,,,,,,,,
159,D12,Get My Gun,,,,,,,,,,,,
160,D12,Bizarre,,,,,,,,,,,,
161,D12,Bitch,,,,,,,,,,,,
162,D12,Steve's Coffee House,,,,,,,,,,,,
163,D12,D-12 World,,,,,,,,,,,,
164,D12,40 Oz.,,,,,,,,,,,,
165,D12,Commercial Break,Young Zee,,,,,,,,,,,
166,D12,American Psycho II,B-Real,,,,,,,,,,,
167,D12,Bugz 97,,,,,,,,,,,,
168,D12,Good Die Young,,,,,,,,,,,,
169,D12,Keep Talkin',,,,,,,,,,,,
170,D12,6 In The Morning,,,,,,,,,,,,
171,D12,Barbershop,,,,,,,,,,,,
172,D12,Lies,,,,,,,,,,,,
173,Eminem,Mosh,,,,,,,,,,,,
174,DJ Kay Slay,I'm Gone ,Eminem,Obie Trice,,,,,,,,,,
175,Eminem,Curtains Up,,,,,,,,,,,,
176,Eminem,Evil Deeds,,,,,,,,,,,,
177,Eminem,Never Enough,50 Cent,Nate Dogg,,,,,,,,,,
178,Eminem,Yellow Brick Road,,,,,,,,,,,,
179,Eminem,Like Toy Soldiers,,,,,,,,,,,,
180,Eminem,Mosh,,,,,,,,,,,,
181,Eminem,Puke,,,,,,,,,,,,
182,Eminem,My 1st Single,,,,,,,,,,,,
183,Eminem,Paul,,,,,,,,,,,,
184,Eminem,Rain Man,,,,,,,,,,,,
185,Eminem,Big Weenie,,,,,,,,,,,,
186,Eminem,Em Calls Paul,,,,,,,,,,,,
187,Eminem,Just Lose It,,,,,,,,,,,,
188,Eminem,Ass Like That,,,,,,,,,,,,
189,Eminem,Spend Some Time,Obie Trice,Stat Quo,50 Cent,,,,,,,,,
190,Eminem,Mockingbird,,,,,,,,,,,,
191,Eminem,Crazy In Love,,,,,,,,,,,,
192,Eminem,One Shot 2 Shot,D12,,,,,,,,,,,
193,Eminem,Final Thought,,,,,,,,,,,,
194,Eminem,Encore/Curtains Down,,,,,,,,,,,,
195,Eminem,We As Americans,,,,,,,,,,,,
196,Eminem,Love You More,,,,,,,,,,,,
197,Eminem,Ricky Ticky Toc,,,,,,,,,,,,
198,Trick Trick,Welcome 2 Detroit,Eminem,,,,,,,,,,,
199,Tony Yayo,Drama Setter,Eminem,Obie Trice,,,,,,,,,,
200,Trick Trick,No More To Say,Eminem,Proof,,,,,,,,,,
201,Hush,Off To Tijuana,Eminem,Kuniva,Swifty McVay,,,,,,,,,
202,Tony Yayo,Drama Setter,Eminem,Obie Trice,,,,,,,,,,
203,D12,My Ballz,,,,,,,,,,,,
204,50 Cent,GATman And Robbin,Eminem,,,,,,,,,,,
205,Eminem,Mockingbird,,,,,,,,,,,,
206,Eminem,Encore,Dr. Dre,50 Cent,,,,,,,,,,
207,Eminem,Mockingbird,,,,,,,,,,,,
208,Bizarre,Hip Hop,Eminem,,,,,,,,,,,
209,Fat Joe,Lean Back ,Eminem,Lil Jon,Mase,Remy Ma,,,,,,,,
210,Eminem,When I'm Gone,,,,,,,,,,,,
211,Eminem,Business,,,,,,,,,,,,
212,Eminem,When I'm Gone,,,,,,,,,,,,
213,Eminem,Intr,,,,,,,,,,,,
214,Eminem,FACK,,,,,,,,,,,,
215,Eminem,The Way I Am,,,,,,,,,,,,
216,Eminem,My Name Is,,,,,,,,,,,,
217,Eminem,Stan,Dido,,,,,,,,,,,
218,Eminem,Lose Yourself,,,,,,,,,,,,
219,Eminem,Shake That,Nate Dogg,,,,,,,,,,,
220,Eminem,Sing For The Moment,,,,,,,,,,,,
221,Eminem,Without M,,,,,,,,,,,,
222,Eminem,Like Toy Soldiers,,,,,,,,,,,,
223,Eminem,The Real Slim Shady,,,,,,,,,,,,
224,Eminem,Mockingbird,,,,,,,,,,,,
225,Eminem,Guilty Conscience,Dr. Dre,,,,,,,,,,,
226,Eminem,Cleanin' Out My Closet,,,,,,,,,,,,
227,Eminem,Just Lose It,,,,,,,,,,,,
228,Eminem,When I'm Gone,,,,,,,,,,,,
229,Eminem,Stan,Elton John,,,,,,,,,,,
230,The Notorious B.I.G.,Dead Wrong,Eminem,,,,,,,,,,,
231,Eminem,Role Model,,,,,,,,,,,,
232,Eminem,Kill You,,,,,,,,,,,,
233,D12,Shit On You,,,,,,,,,,,,
234,Eminem,Criminal,,,,,,,,,,,,
235,JAY-Z,Renegade,Eminem,,,,,,,,,,,
236,Eminem,Just Don't Give A Fuck,,,,,,,,,,,,
237,The Notorious B.I.G.,It Has Been Said ,Eminem,Obie Trice,Diddy,,,,,,,,,
238,The Game,We Ain't,Eminem,,,,,,,,,,,
239,Akon,Smack That,Eminem,,,,,,,,,,,
240,D12,Still Psycho,B-Real,,,,,,,,,,,
241,D12,How We Get Down,Fat Killaz,,,,,,,,,,,
242,Eminem,Shady Narcotics,,,,,,,,,,,,
243,Eminem,We're Back,Obie Trice,Stat Quo,Bobby Creekwater,Ca$his,,,,,,,,
244,Eminem,The Re-Up,50 Cent,,,,,,,,,,,
245,Eminem,You Don't Know,50 Cent,Ca$his,Lloyd Banks,,,,,,,,,
246,Eminem,Jimmy Crack Corn,50 Cent,,,,,,,,,,,
247,Eminem,Public Enemy #1,,,,,,,,,,,,
248,Nate Dogg,Shake That (Remix),Eminem,Obie Trice,Bobby Creekwater,,,,,,,,,
249,Eminem,No Apologies,,,,,,,,,,,,
250,Eminem,Jimmy Crack Corn,Ca$his,,,,,,,,,,,
251,50 Cent,Peep Show,Eminem,,,,,,,,,,,
252,The Notorious B.I.G.,Dead Wrong ,Eminem,,,,,,,,,,,
253,Ca$his,Pistol Poppin',Eminem,,,,,,,,,,,
254,T.I.,Touchdown ,Eminem,,,,,,,,,,,
255,Eminem,Eminem Freestyle,,,,,,,,,,,,
256,50 Cent,Live On Shade 45,Charlie Murphy,Eminem,,,,,,,,,,
257,50 Cent,Live On Shade 45,Charlie Murphy,Eminem,,,,,,,,,,
258,50 Cent,Psycho,Eminem,,,,,,,,,,,
259,Lil Wayne,Drop The World,Eminem,,,,,,,,,,,
260,40 Glocc,Came To Party,Sun,Niqel Nut,Village Boo,Jayo Felony,Eminem,Tip Top,,,,,,
261,Eminem,3 a.m.,,,,,,,,,,,,
262,Eminem,Dr. West,,,,,,,,,,,,
263,Eminem,3 a.m.,,,,,,,,,,,,
264,Eminem,My Mom,,,,,,,,,,,,
265,Eminem,Insane,,,,,,,,,,,,
266,Eminem,Bagpipes From Baghdad,,,,,,,,,,,,
267,Eminem,Hello,,,,,,,,,,,,
268,Eminem,Tonya,,,,,,,,,,,,
269,Eminem,Same Song,,,,,,,,,,,,
270,Eminem,We Made You,,,,,,,,,,,,
271,Eminem,Medicine Ball,,,,,,,,,,,,
272,Eminem,Paul,,,,,,,,,,,,
273,Eminem,Stay Wide Awake,,,,,,,,,,,,
274,Eminem,Old Time's Sake,Dr. Dre,,,,,,,,,,,
275,Eminem,Must Be The Ganja,,,,,,,,,,,,
276,Eminem,Mr. Mathers,,,,,,,,,,,,
277,Eminem,Deja Vu,,,,,,,,,,,,
278,Eminem,Beautiful,,,,,,,,,,,,
279,Eminem,Crack A Bottle,Dr. Dre,50 Cent,,,,,,,,,,
280,Eminem,Underground,,,,,,,,,,,,
281,Eminem,My Darling,,,,,,,,,,,,
282,Eminem,Careful What You Wish For,,,,,,,,,,,,
283,Drake,Forever,Kanye West,Lil Wayne,Eminem,,,,,,,,,
284,Eminem,Hell Breaks Loose,Dr. Dre,,,,,,,,,,,
285,Eminem,Buffalo Bill,,,,,,,,,,,,
286,Eminem,Elevator,,,,,,,,,,,,
287,Eminem,Taking My Ball,,,,,,,,,,,,
288,Eminem,Music Box,,,,,,,,,,,,
289,Eminem,Drop The Bomb On 'Em,,,,,,,,,,,,
290,B.o.B,"Airplanes, Pt. II ",Eminem,Hayley Williams,,,,,,,,,,
291,Thirstin Howl The 3rd,Watch Deez ,Eminem,,,,,,,,,,,
292,Various Artists,Who Want It ,,,,,,,,,,,,
293,Eminem,Cold Wind Blows,,,,,,,,,,,,
294,Eminem,Talkin’ 2 Myself,Kobe Honeycutt,,,,,,,,,,,
295,Eminem,On Fire,,,,,,,,,,,,
296,Eminem,Won't Back Down,P!nk,,,,,,,,,,,
297,Eminem,W.T.P.,,,,,,,,,,,,
298,Eminem,Going Through Changes,,,,,,,,,,,,
299,Eminem,Not Afraid,,,,,,,,,,,,
300,Eminem,Seduction,,,,,,,,,,,,
301,Eminem,No Love,Lil Wayne,,,,,,,,,,,
302,Eminem,Space Bound,,,,,,,,,,,,
303,Eminem,Cinderella Man,,,,,,,,,,,,
304,Eminem,25 To Life,,,,,,,,,,,,
305,Eminem,So Bad,,,,,,,,,,,,
306,Eminem,Almost Famous,,,,,,,,,,,,
307,Eminem,Love The Way You Lie,Rihanna,,,,,,,,,,,
308,Eminem,You’re Never Over,,,,,,,,,,,,
309,Eminem,Untitled,,,,,,,,,,,,
310,Eminem,Ridaz,,,,,,,,,,,,
311,Eminem,Session One,Slaughterhouse,,,,,,,,,,,
312,Rihanna,Love The Way You Lie (Part II),Eminem,,,,,,,,,,,
313,Nicki Minaj,Roman's Revenge,Eminem,,,,,,,,,,,
314,T.I.,That's All She Wrote ,Eminem,,,,,,,,,,,
315,Bad Meets Evil,Welcome 2 Hell,,,,,,,,,,,,
316,Bad Meets Evil,Fast Lane,,,,,,,,,,,,
317,Bad Meets Evil,The Reunion,,,,,,,,,,,,
318,Bad Meets Evil,Above The Law,,,,,,,,,,,,
319,Bad Meets Evil,I’m On Everything,Mike Epps,,,,,,,,,,,
320,Bad Meets Evil,A Kiss,,,,,,,,,,,,
321,Bad Meets Evil,Lighters,Bruno Mars,,,,,,,,,,,
322,Bad Meets Evil,Take From Me,,,,,,,,,,,,
323,Bad Meets Evil,Loud Noises,Slaughterhouse,,,,,,,,,,,
324,Bad Meets Evil,Living Proof,,,,,,,,,,,,
325,Bad Meets Evil,Echo,,,,,,,,,,,,
326,Yelawolf,Throw It Up,Gangsta Boo,Eminem,,,,,,,,,,
327,Dr. Dre,I Need A Doctor,Eminem,Skylar Grey,,,,,,,,,,
328,"Royce Da 5'9""",Writer's Block,Eminem,,,,,,,,,,,
329,"Royce Da 5'9""",Writer's Block,DJ Premier,Eminem,,,,,,,,,,
330,Slaughterhouse,Our House,Eminem,Skylar Grey,,,,,,,,,,
331,Slaughterhouse,Throw That,Eminem,,,,,,,,,,,
332,Slaughterhouse,Asylum,Eminem,,,,,,,,,,,
333,50 Cent,My Life,Eminem,Adam Levine,,,,,,,,,,
334,Obie Trice,Richard,Eminem,,,,,,,,,,,
335,Rihanna,Numb,Eminem,,,,,,,,,,,
336,P!nk,Here Comes the Weekend ,Eminem,,,,,,,,,,,
337,Skylar Grey,C’mon Let Me Ride,Eminem,,,,,,,,,,,
338,Eminem,Rap God,,,,,,,,,,,,
339,Trick Trick,Welcome to Detroit ,Eminem,,,,,,,,,,,
340,Trick Trick,No Words ,Eminem,Proof,,,,,,,,,,
341,Trick Trick,Who Want It ,Eminem,,,,,,,,,,,
342,Trick Trick,From tha D Remix ,Eminem,Kid Rock,,,,,,,,,,
343,Eminem,Bad Guy,,,,,,,,,,,,
344,Eminem,Parking Lot,,,,,,,,,,,,
345,Eminem,Rhyme Or Reason,,,,,,,,,,,,
346,Eminem,So Much Better,,,,,,,,,,,,
347,Eminem,Survival,,,,,,,,,,,,
348,Eminem,Legacy,,,,,,,,,,,,
349,Eminem,Asshole,Skylar Grey,,,,,,,,,,,
350,Eminem,Berzerk,,,,,,,,,,,,
351,Eminem,Rap God,,,,,,,,,,,,
352,Eminem,Brainless,,,,,,,,,,,,
353,Eminem,Stronger Than I Was,,,,,,,,,,,,
354,Eminem,The Monster,Rihanna,,,,,,,,,,,
355,Eminem,So Far...,,,,,,,,,,,,
356,Eminem,Love Game,Kendrick Lamar,,,,,,,,,,,
357,Eminem,Headlights,Nate Ruess,,,,,,,,,,,
358,Eminem,Evil Twin,,,,,,,,,,,,
359,Eminem,Baby,,,,,,,,,,,,
360,Eminem,Desperation,Jamie N Commons,,,,,,,,,,,
361,Eminem,Groundhog Day,,,,,,,,,,,,
362,Eminem,Beautiful Pain,Sia,,,,,,,,,,,
363,Eminem,Wicked Ways,,,,,,,,,,,,
364,ILL Bill,Reel Wolf: The Underworld ,Tech N9ne,Vinnie Paz,Slaine,Army Of The Pharaohs,D12,The Goondox,King Gordy,Sid From Slipknot,,,,
365,Busta Rhymes,Calm Down ,,,,,,,,,,,,
366,Trick Trick,Twerk Dat Pop That ,Eminem,"Royce Da 5'9""",,,,,,,,,,
367,Eminem,Guts Over Fear,Sia,,,,,,,,,,,
368,Eminem,Detroit Vs. Everybody,"Royce Da 5'9""",Big Sean,Danny Brown,DeJ Loaf,Trick Trick,,,,,,,
369,Eminem,ShadyXV,,,,,,,,,,,,
370,Slaughterhouse,Psychopath Killer,Yelawolf,Eminem,,,,,,,,,,
371,Eminem,Die Alone,Kobe,,,,,,,,,,,
372,Bad Meets Evil,Vegas,,,,,,,,,,,,
373,Eminem,Guts Over Fear,Sia,,,,,,,,,,,
374,D12,Bane,,,,,,,,,,,,
375,Eminem,Fine Line,,,,,,,,,,,,
376,Skylar Grey,Twisted,Eminem,Yelawolf,,,,,,,,,,
377,Eminem,Right For Me,,,,,,,,,,,,
378,Eminem,Detroit Vs. Everybody,"Royce Da 5'9""",Big Sean,Danny Brown,DeJ Loaf,Trick Trick,,,,,,,
379,D12,Purple Pills,,,,,,,,,,,,
380,Eminem,Lose Yourself,,,,,,,,,,,,
381,Eminem,You Don't Know,50 Cent,Ca$his,Lloyd Banks,,,,,,,,,
382,D12,My Band,,,,,,,,,,,,
383,D12,Fight Music,,,,,,,,,,,,
384,UNCLE ILL,We Shine,Eminem,,,,,,,,,,,
385,Nate Dogg,B*tch Please (PT. 2),J.PERIOD,Dre,Snoop,Eminem,,,,,,,,
386,Yelawolf,Best Friend,Eminem,,,,,,,,,,,
387,Tech N9ne,Speedom (Wwc2),Eminem,Krizz Kaliko,,,,,,,,,,
388,Eminem,Kings Never Die,Gwen Stefani,,,,,,,,,,,
389,Bad Meets Evil,Raw,,,,,,,,,,,,
390,Bad Meets Evil,All I Think About,,,,,,,,,,,,
391,Eminem,Phenomenal,,,,,,,,,,,,
392,Dr. Dre,Medicine Man,Eminem,Candice Pillay,Anderson .Paak,,,,,,,,,
393,The Weeknd,The Hills,Eminem,,,,,,,,,,,
394,Skylar Grey,Kill For You,Eminem,,,,,,,,,,,
395,Eminem,Campaign Speech,,,,,,,,,,,,
396,KXNG Crooked,Welcome To Planet X (We're Coming For You) ,Eminem,The Observer,,,,,,,,,,
397,Big Sean,No Favors,Eminem,,,,,,,,,,,
398,P!nk,Revenge ,Eminem,,,,,,,,,,,
399,Eminem,Walk On Water ,Beyoncé,,,,,,,,,,,
400,Eminem,Believe,,,,,,,,,,,,
401,Eminem,Chloraseptic ,PHresher,,,,,,,,,,,
402,Eminem,Untouchable,,,,,,,,,,,,
403,Eminem,River ,Ed Sheeran,,,,,,,,,,,
404,Eminem,Remind Me ,,,,,,,,,,,,
405,Eminem,Remind Me,,,,,,,,,,,,
406,Eminem,Revival ,,,,,,,,,,,,
407,Eminem,Like Home ,Alicia Keys,,,,,,,,,,,
408,Eminem,Bad Husband ,X Ambassadors,,,,,,,,,,,
409,Eminem,Tragic Endings ,Skylar Grey,,,,,,,,,,,
410,Eminem,Framed,,,,,,,,,,,,
411,Eminem,Nowhere Fast ,Kehlani,,,,,,,,,,,
412,Eminem,Heat,,,,,,,,,,,,
413,Eminem,Offended,,,,,,,,,,,,
414,Eminem,Need Me ,P!nk,,,,,,,,,,,
415,Eminem,In Your Head,,,,,,,,,,,,
416,Eminem,Castle,,,,,,,,,,,,
417,Eminem,Arose,,,,,,,,,,,,
418,Eminem,Chloraseptic ,2 Chainz,PHresher,,,,,,,,,,
419,Eminem,Nowhere Fast,Kehlani,,,,,,,,,,,
420,Eminem,Nowhere Fast ,Kehlani,,,,,,,,,,,
421,"Royce Da 5'9""",Caterpillar ,Eminem,King Green,,,,,,,,,,
422,Nicki Minaj,Majesty ,Labrinth,Eminem,,,,,,,,,,
423,Eminem,The Ringer,,,,,,,,,,,,
424,Eminem,Greatest,,,,,,,,,,,,
425,Eminem,Lucky You ,Joyner Lucas,,,,,,,,,,,
426,Paul Rosenberg,Paul,,,,,,,,,,,,
427,Eminem,Normal,,,,,,,,,,,,
428,Eminem,Em Calls Paul,,,,,,,,,,,,
429,Eminem,Stepping Stone,,,,,,,,,,,,
430,Eminem,Not Alike ,"Royce Da 5'9""",,,,,,,,,,,
431,Eminem,Kamikaze,,,,,,,,,,,,
432,Eminem,Fall,,,,,,,,,,,,
433,Eminem,Nice Guy ,Jessie Reyez,,,,,,,,,,,
434,Eminem,Good Guy ,Jessie Reyez,,,,,,,,,,,
435,Eminem,Venom,,,,,,,,,,,,
436,Eminem,Killshot,,,,,,,,,,,,
437,Eminem,Venom,,,,,,,,,,,,
438,Boogie,Rainy Days ,Eminem,,,,,,,,,,,
439,B.o.B,Things Get Worse,Eminem,,,,,,,,,,,
440,Logic,Homicide,Eminem,,,,,,,,,,,
441,Ed Sheeran,Remember The Name ,Eminem,50 Cent,,,,,,,,,,
442,Ed Sheeran,Remember The Name ,Eminem,50 Cent,,,,,,,,,,
443,Conway the Machine,Bang ,Eminem,,,,,,,,,,,
444,D12,A Bizarre Cypher,Upstates,Bizarre,Jake Strain,Mikey Phin,,,,,,,,
445,Griselda,Bang ,Eminem,,,,,,,,,,,
446,Fat Joe,Lord Above,Dre,Eminem,Mary J. Blige,,,,,,,,,
447,Eminem,Premonition,,,,,,,,,,,,
448,Eminem,Unaccommodating ,Young M.A,,,,,,,,,,,
449,Eminem,You Gon’ Learn ,"Royce Da 5'9""",White Gold,,,,,,,,,,
450,Eminem,Alfred,,,,,,,,,,,,
451,Eminem,Those Kinda Nights ,Ed Sheeran,,,,,,,,,,,
452,Eminem,In Too Deep,,,,,,,,,,,,
453,Eminem,Godzilla ,Juice WRLD,,,,,,,,,,,
454,Eminem,Darkness,,,,,,,,,,,,
455,Eminem,Leaving Heaven ,Skylar Grey,,,,,,,,,,,
456,Eminem,Yah Yah ,"Royce Da 5'9""",Black Thought,Q-Tip,Denaun,,,,,,,,
457,Eminem,Stepdad,,,,,,,,,,,,
458,Eminem,Stepdad,,,,,,,,,,,,
459,Eminem,Marsh,,,,,,,,,,,,
460,Eminem,Never Love Again,,,,,,,,,,,,
461,Eminem,Little Engine,,,,,,,,,,,,
462,Eminem,Lock It Up ,Anderson .Paak,,,,,,,,,,,
463,Eminem,Farewell,,,,,,,,,,,,
464,Eminem,No Regrets ,Don Toliver,,,,,,,,,,,
465,Eminem,I Will ,KXNG Crooked,"Royce Da 5'9""",Joell Ortiz,,,,,,,,,
466,Eminem,Alfred,,,,,,,,,,,,
467,Jessie Reyez,COFFIN ,Eminem,,,,,,,,,,,
468,Kid Cudi,The Adventures of Moon Man & Slim Shady ,Eminem,,,,,,,,,,,
